id,title,type,parent,description,conventions,icon_example_title,icon_example_type,icon_example_year,poster_thumb_url,age_notes,region_notes,imdb_url
crime,Crime,Genre,,"Centres on criminal activity, law enforcement, and moral ambiguity. Focus on investigation, perpetrators, or victims.",investigation; moral-ambiguity; police-procedural; interrogation; stakeout,Now You See Me,Film,2013,images/Now-You-See-Me-Film-2013.jpg,12A-15 common,,https://www.imdb.com/title/tt1670345/
crime_heist,Heist,Sub-genre,crime,Planning and executing a complex theft with a specialist crew and ticking-clock jeopardy.,crew-roles; plan-montage; twist; double-cross; vault-tech,Oceans Eleven,Film,2001,images/Oceans-Eleven-Film-2001.jpg,12A-15 common,Often US-set,https://www.imdb.com/title/tt0240772/
crime_noir,Film Noir,Sub-genre,crime,Dark and cynical crime with chiaroscuro lighting and flawed anti-heroes.,voice-over; femme-fatale; low-key-lighting; moral-ambiguity,The Big Sleep,Film,1946,images/The-Big-Sleep-Film-1946.jpg,PG-12A,Classical Hollywood origin,https://www.imdb.com/title/tt0038355/
thriller,Thriller,Genre,,"Suspense-driven narratives built around jeopardy, pursuit, and reversals.",pursuit; jeopardy; ticking-clock; reveals; red-herring,Se7en,Film,1995,images/Se7en-Film-1995.jpg,15-18 common,,https://www.imdb.com/title/tt0114369/
action_thriller,Action-Thriller,Hybrid,,Combines physical action set pieces with thriller suspense and stakes.,stunts; chase; close-calls; countdown; hand-to-hand,The Bourne Ultimatum,Film,2007,images/The-Bourne-Ultimatum-Film-2007.jpg,12A-15,,https://www.imdb.com/title/tt0440963/
action,Action,Genre,,Spectacle and kinetic set pieces foregrounded over introspection.,set-pieces; fights; chase; one-liners; explosive-climax,Mad Max: Fury Road,Film,2015,images/Mad-Max-Fury-Road-Film-2015.jpg,15,,https://www.imdb.com/title/tt1392190/
romance,Romance,Genre,,"Focus on relationships, emotional stakes, and fulfilment or loss.",meet-cute; obstacles; declaration; happy-ever-after,The Notebook,Film,2004,images/The-Notebook-Film-2004.jpg,12A,,https://www.imdb.com/title/tt0332280/
romcom,Romantic Comedy,Hybrid,,Humour plus romance with a light tone and cyclical misunderstandings.,meet-cute; banter; miscommunication; reconciliation,Notting Hill,Film,1999,images/Notting-Hill-Film-1999.jpg,12,,https://www.imdb.com/title/tt0125439/
horror,Horror,Genre,,"Designed to provoke fear or dread through threat, the uncanny, or the monstrous.",jump-scare; isolation; final-girl; dread; transgression,The Conjuring,Film,2013,images/The-Conjuring-Film-2013.jpg,15,,https://www.imdb.com/title/tt1457767/
horror_slasher,Slasher,Sub-genre,horror,"Stalk-and-slash threat against a group, often teens, with iconic killer imagery.",masked-killer; POV-shots; final-girl; party-gone-wrong,Halloween,Film,1978,images/Halloween-Film-1978.jpg,18,,https://www.imdb.com/title/tt0077651/
horror_psych,Psychological Horror,Sub-genre,horror,Internalised fear and unreliable perception rather than overt monsters.,unreliable-narrator; gaslight; dream-logic; reality-blur,Black Swan,Film,2010,images/Black-Swan-Film-2010.jpg,15,,https://www.imdb.com/title/tt0947798/
scifi,Science Fiction,Genre,,Speculative ideas grounded in science or technology.,futurism; tech-anxiety; world-building; thought-experiment,Blade Runner,Film,1982,images/Blade-Runner-Film-1982.jpg,15,,https://www.imdb.com/title/tt0083658/
scifi_cyberpunk,Cyberpunk,Sub-genre,scifi,"High-tech, low-life futures with corporate power and identity crises.",neon-noir; hacking; megacorp; AI; cybernetic-body,Ghost in the Shell,Film,1995,images/Ghost-in-the-Shell-Film-1995.jpg,15,Japan origins,https://www.imdb.com/title/tt0113568/
fantasy,Fantasy,Genre,,Magic or mythic elements in alternative or heightened worlds.,quest; prophecy; artefact; mentor; dragon,The Lord of the Rings,Film,2001,images/The-Lord-of-the-Rings-Film-2001.jpg,12,,https://www.imdb.com/title/tt0120737/
west,Western,Genre,,"Frontier settings with law, justice, and landscape as moral stage.",duel; standoff; posse; sheriff; frontier,The Good the Bad and the Ugly,Film,1966,images/The-Good-the-Bad-and-the-Ugly-Film-1966.jpg,PG-12A,US frontier myth,https://www.imdb.com/title/tt0060196/
space_western,Space Western,Hybrid,,Western tropes transposed into space-opera settings.,frontier-in-space; lawman-vs-outlaw; dusty-outpost-planet,Firefly,TV,2002,images/Firefly-TV-2002.jpg,12,US-influenced,https://www.imdb.com/title/tt0303461/
doc,Documentary,Genre,,Non-fiction narratives presenting actuality with rhetorical shaping.,voice-of-god; archive; talking-head; observational; montage,Senna,Film,2010,images/Senna-Film-2010.jpg,12,,https://www.imdb.com/title/tt1424432/
mockumentary,Mockumentary,Hybrid,,Fiction presented in documentary style for satire or realism.,handheld; interview-gags; awkward-pause; fly-on-the-wall,This Is Spinal Tap,Film,1984,images/This-Is-Spinal-Tap-Film-1984.jpg,15,,https://www.imdb.com/title/tt0088258/
superhero,Superhero,Genre,,Extraordinary protagonists with powers or tech who pursue justice.,origin-story; nemesis; suit-up; team-up; post-credits,Black Panther,Film,2018,images/Black-Panther-Film-2018.jpg,12A,,https://www.imdb.com/title/tt1825683/
animation,Animation,Genre,,Stories realised through frame-by-frame or computer-generated imagery.,stylisation; exaggeration; visual-gag; all-ages-appeal,Toy Story,Film,1995,images/Toy-Story-Film-1995.jpg,U-PG,,https://www.imdb.com/title/tt0114709/
musicvideo,Music Video,Genre,,"Short form visual accompaniment to a track, often performance plus concept.",performance; lip-sync; cut-to-beat; visual-motif,Bad Guy,Music Video,2019,images/Bad-Guy-Music-Video-2019.jpg,12,Global formats,https://www.imdb.com/title/tt10134496/
games_action,Action Game,Genre,,Interactive focus on reflex challenges and combat.,combos; boss-fights; level-progression; HUD,Dark Souls,Game,2011,images/Dark-Souls-Game-2011.jpg,,,https://www.imdb.com/title/tt2015348/
